OBJECTID,CSA_Label,Total_Unsheltered_Pop,Total_Sheltered_Pop,Total_Pop,Data_Source,Square_Miles,Density_Unsheltered,Density_Sheltered,Density_Total,Shape__Area,Shape__Length
1,City of Agoura Hills,2,0,2,Los Angeles Homeless Services Authority (LAHSA),5.42772257254032,0.368478670984089,0,0.368478670984089,20581497.1679688,21914.0809034578
2,City of Alhambra,32,14,46,Los Angeles Homeless Services Authority (LAHSA),7.63002893846662,4.19395525994308,1.8348554262251,6.02881068616818,28882441.875,25368.8960589701
3,City of Arcadia,68,0,68,Los Angeles Homeless Services Authority (LAHSA),10.2404110274238,6.64035846001651,0,6.64035846001651,38812357.6015625,35209.9662573011
4,City of Artesia,24,0,24,Los Angeles Homeless Services Authority (LAHSA),1.62077268564757,14.8077520139173,0,14.8077520139173,6103735.5859375,15015.3365503336
5,City of Avalon,28,3,31,Los Angeles Homeless Services Authority (LAHSA),1.23383326080227,22.693503968108,2.43144685372586,25.1249508218339,4589095.265625,12492.0862887429
6,City of Azusa,233,38,271,Los Angeles Homeless Services Authority (LAHSA),9.59289339248667,24.288813652666,3.96126574592837,28.2500793985944,36360604.671875,38302.3086529117
7,City of Baldwin Park,550,0,550,Los Angeles Homeless Services Authority (LAHSA),6.63427776735205,82.9027694177361,0,82.9027694177361,25112809.1679688,30246.0832046168
8,City of Bell,20,0,20,Los Angeles Homeless Services Authority (LAHSA),1.93565352989811,10.3324276225471,0,10.3324276225471,7308036.765625,17028.4671552238
9,City of Bell Gardens,83,0,83,Los Angeles Homeless Services Authority (LAHSA),2.46308329938844,33.6976017094542,0,33.6976017094542,9297602.52734375,14308.5454126123
10,City of Bellflower,230,12,242,Los Angeles Homeless Services Authority (LAHSA),6.17082784057958,37.2721466133785,1.94463373635018,39.2167803497287,23250274.6796875,21719.5254648685
11,City of Beverly Hills,19,0,19,Los Angeles Homeless Services Authority (LAHSA),5.71030796559386,3.32731616481635,0,3.32731616481635,21612816.5195313,32136.3612419063
12,City of Bradbury,0,0,0,Los Angeles Homeless Services Authority (LAHSA),1.98692506745848,0,0,0,7533685.7734375,13434.5123003139
13,City of Burbank,207,84,291,Los Angeles Homeless Services Authority (LAHSA),17.3776806907705,11.9118312554759,4.833786596425,16.7456178519009,65944027.8867188,37745.3956280587
14,City of Calabasas,1,0,1,Los Angeles Homeless Services Authority (LAHSA),6.22503549097422,0.16064165440501,0,0.16064165440501,23595588.8164063,38313.6504443832
15,City of Carson,167,0,167,Los Angeles Homeless Services Authority (LAHSA),20.2110709391691,8.26279817148895,0,8.26279817148895,76062137.4570313,48328.7094196032
16,City of Cerritos,46,0,46,Los Angeles Homeless Services Authority (LAHSA),8.8516708749513,5.19675896786584,0,5.19675896786584,33334986.03125,44006.3309779409
17,City of Claremont,16,9,25,Los Angeles Homeless Services Authority (LAHSA),16.5462161749823,0.966988454084858,0.543931005422732,1.51091945950759,62703068.0585938,39760.3051500892
18,City of Commerce,147,507,654,Los Angeles Homeless Services Authority (LAHSA),7.41446306168819,19.8261153608782,68.3798672650696,88.2059826259478,28007737.6132813,33852.5511315761
19,City of Compton,720,2,722,Los Angeles Homeless Services Authority (LAHSA),9.47836011372789,75.962507370573,0.211006964918258,76.1735143354913,35718449.2695313,42707.9360442501
20,City of Covina,81,4,85,Los Angeles Homeless Services Authority (LAHSA),7.66347320952169,10.5696200385172,0.521956545111959,11.0915765836291,29012337.5039063,30790.9039454418
21,City of Cudahy,22,0,22,Los Angeles Homeless Services Authority (LAHSA),1.11953450969999,19.651024429694,0,19.651024429694,4225712.390625,11899.0497385422
22,City of Culver City,129,49,178,Los Angeles Homeless Services Authority (LAHSA),4.3765451795084,29.475304083229,11.1960457370405,40.6713498202694,16537453.1640625,37607.4926543087
23,City of Diamond Bar,3,0,3,Los Angeles Homeless Services Authority (LAHSA),13.7322376632602,0.218464031395723,0,0.218464031395723,51876866.1171875,42174.6478744325
24,City of Downey,231,27,258,Los Angeles Homeless Services Authority (LAHSA),12.5810218448989,18.3609887056719,2.14608958897464,20.5070782946465,47458548.0703125,33267.3700605859
25,City of Duarte,25,0,25,Los Angeles Homeless Services Authority (LAHSA),6.69000287677505,3.73691917036236,0,3.73691917036236,25370547.34375,41247.9787066624
26,City of El Monte,418,25,443,Los Angeles Homeless Services Authority (LAHSA),9.81756736038477,42.5767386824039,2.5464556628232,45.1231943452271,37154350.0742188,31902.8139725613
27,City of El Segundo,47,0,47,Los Angeles Homeless Services Authority (LAHSA),5.47630446617524,8.58243004754367,0,8.58243004754367,20647618.03125,21230.7641156307
28,City of Gardena,97,0,97,Los Angeles Homeless Services Authority (LAHSA),5.86708447182202,16.5329134880986,0,16.5329134880986,22109136.8632813,24265.2854739457
29,City of Glendale,75,94,169,City of Glendale,30.5451954851472,2.45537796726393,3.07740705230412,5.53278501956805,115894512.3125,69945.0976884057
30,City of Glendora,150,0,150,Los Angeles Homeless Services Authority (LAHSA),20.8669005165794,7.18841784292882,0,7.18841784292882,79102004.1289063,50333.0409851761
31,City of Hawaiian Gardens,14,0,14,Los Angeles Homeless Services Authority (LAHSA),0.57782602078279,24.228746190824,0,24.228746190824,2173992.640625,6679.64959663615
32,City of Hawthorne,178,11,189,Los Angeles Homeless Services Authority (LAHSA),5.85705805420694,30.3906839154767,1.87807597230474,32.2687598877814,22082305.9570313,33758.3203154554
33,City of Hermosa Beach,28,0,28,Los Angeles Homeless Services Authority (LAHSA),1.43903210604284,19.4575227907851,0,19.4575227907851,5419012.81640625,10569.0298174808
34,City of Huntington Park,215,0,215,Los Angeles Homeless Services Authority (LAHSA),2.86646067106878,75.0053898070179,0,75.0053898070179,10823778.3164063,23956.6881940708
35,City of Industry,40,99,139,Los Angeles Homeless Services Authority (LAHSA),13.914858776889,2.87462493449344,7.11469671287126,9.9893216473647,52588466.9414063,78299.3632176396
36,City of Inglewood,262,241,503,Los Angeles Homeless Services Authority (LAHSA),9.01491416416215,29.0629500435571,26.7334769484628,55.79642699202,34021404.03125,30088.880967241
37,City of Irwindale,7,0,7,Los Angeles Homeless Services Authority (LAHSA),9.60859343148432,0.72851453752463,0,0.72851453752463,36396416.34375,48798.700662678
38,City of La Canada Flintridge,2,0,2,Los Angeles Homeless Services Authority (LAHSA),8.44209086837591,0.236908134629539,0,0.236908134629539,32052235.9335938,33344.4483081618
39,City of La Habra Heights,0,0,0,Los Angeles Homeless Services Authority (LAHSA),6.62090634592686,0,0,0,24987880.6367188,25793.6006255327
40,City of La Mirada,40,0,40,Los Angeles Homeless Services Authority (LAHSA),7.82254832906677,5.1134231860696,0,5.1134231860696,29483731.8046875,29385.3931944933
41,City of La Puente,78,0,78,Los Angeles Homeless Services Authority (LAHSA),3.22964843097133,24.1512355499763,0,24.1512355499763,12209986.6328125,25467.8153459007
42,City of La Verne,10,0,10,Los Angeles Homeless Services Authority (LAHSA),9.49269015240221,1.05344215806616,0,1.05344215806616,35966591.6523438,36386.4529875052
43,City of Lakewood,87,0,87,Los Angeles Homeless Services Authority (LAHSA),9.76483693276509,8.90951898111875,0,8.90951898111875,36755418.4726563,42446.1641369978
44,City of Lancaster,1949,31,1980,Los Angeles Homeless Services Authority (LAHSA),58.6308594187662,33.2418801177623,0.52873180279663,33.7706119205589,225120686.636719,86563.8781183237
45,City of Lawndale,37,0,37,Los Angeles Homeless Services Authority (LAHSA),1.97791331675741,18.7065831887202,0,18.7065831887202,7452393.53125,13658.1179540852
46,City of Lomita,13,10,23,Los Angeles Homeless Services Authority (LAHSA),1.83437017083343,7.0869011100925,5.45146239237885,12.5383635024713,6896074.56640625,14866.8785204488
47,City of Long Beach,1582,452,2034,City of Long Beach,51.6022258959449,30.6575922362357,8.75931206749591,39.4169043037316,194045125.144531,207294.868102639
48,City of Lynwood,93,0,93,Los Angeles Homeless Services Authority (LAHSA),5.04773333649381,18.4241111406647,0,18.4241111406647,19034800.0703125,25690.8083747526
49,City of Malibu,80,0,80,Los Angeles Homeless Services Authority (LAHSA),6.2194380732012,12.8628983934594,0,12.8628983934594,23509817.703125,33228.5037875402
50,City of Manhattan Beach,15,0,15,Los Angeles Homeless Services Authority (LAHSA),3.94569438692437,3.80161222057858,0,3.80161222057858,14866985.0117188,17675.1349601181
51,City of Maywood,49,0,49,Los Angeles Homeless Services Authority (LAHSA),1.29679235355216,37.7855405036741,0,37.7855405036741,4897643.48046875,12995.4308913171
52,City of Monrovia,77,0,77,Los Angeles Homeless Services Authority (LAHSA),13.4352500154602,5.73119219302913,0,5.73119219302913,50956900.6796875,40352.908809305
53,City of Montebello,170,0,170,Los Angeles Homeless Services Authority (LAHSA),8.66760476088787,19.6132616437607,0,19.6132616437607,32757274.4570313,35373.1336480631
54,City of Monterey Park,46,32,78,Los Angeles Homeless Services Authority (LAHSA),7.9969178645963,5.75221613862632,4.0015416616531,9.75375780027942,30246293.609375,29546.3691703977
55,City of Norwalk,152,16,168,Los Angeles Homeless Services Authority (LAHSA),9.79036508726512,15.5254680132118,1.6342597908644,17.1597278040762,36904334.25,34449.0058495504
56,City of Palmdale,245,48,293,Los Angeles Homeless Services Authority (LAHSA),79.6965414508921,3.07416100548059,0.602284605155381,3.67644561063597,305347477.734375,132865.589142964
57,City of Palos Verdes Estates,0,0,0,Los Angeles Homeless Services Authority (LAHSA),4.76835375104871,0,0,0,17923096.9140625,26013.050952825
58,City of Paramount,85,0,85,Los Angeles Homeless Services Authority (LAHSA),4.75688667521852,17.8688301411123,0,17.8688301411123,17926850.1601563,24731.6472071894
59,City of Pasadena,294,233,527,City of Pasadena,21.8318418297407,13.4665687985837,10.6724847961564,24.1390535947401,82789549.3398438,87013.2219470035
60,City of Pico Rivera,168,0,168,Los Angeles Homeless Services Authority (LAHSA),8.55216693062374,19.6441441523344,0,19.6441441523344,32300063.859375,28543.3553977652
61,City of Pomona,398,320,718,Los Angeles Homeless Services Authority (LAHSA),21.9063917025027,18.1682134330927,14.6076087904263,32.775822223519,82872703.3359375,49624.6022026272
62,City of Rancho Palos Verdes,0,0,0,Los Angeles Homeless Services Authority (LAHSA),14.3028568248025,0,0,0,53721823.5546875,64472.2755936646
63,City of Redondo Beach,176,0,176,Los Angeles Homeless Services Authority (LAHSA),6.2463308270484,28.1765415366521,0,28.1765415366521,23517569.9179688,40293.1419238038
64,City of Rolling Hills,0,0,0,Los Angeles Homeless Services Authority (LAHSA),2.99100400804008,0,0,0,11235232.9921875,17626.5394211449
65,City of Rolling Hills Estates,0,0,0,Los Angeles Homeless Services Authority (LAHSA),3.49473692517536,0,0,0,13133578.796875,26354.0592606554
66,City of Rosemead,53,0,53,Los Angeles Homeless Services Authority (LAHSA),4.45831209585998,11.8879070958752,0,11.8879070958752,16871703.9335938,26720.0218775585
67,City of San Dimas,16,0,16,Los Angeles Homeless Services Authority (LAHSA),16.5250067686777,0.968229558025185,0,0.968229558025185,62586414.203125,51591.5383612177
68,City of San Fernando,23,0,23,Los Angeles Homeless Services Authority (LAHSA),2.373807580631,9.68907513299212,0,9.68907513299212,9029670.20703125,13527.034854125
69,City of San Gabriel,7,0,7,Los Angeles Homeless Services Authority (LAHSA),3.81280903727346,1.83591675627314,0,1.83591675627314,14436360.7460938,20479.5125745323
70,City of San Marino,0,0,0,Los Angeles Homeless Services Authority (LAHSA),3.77400474332423,0,0,0,14299055.2070313,20883.6201032612
71,City of Santa Clarita,112,65,177,Los Angeles Homeless Services Authority (LAHSA),70.8585290486215,1.58061423943966,0.917320763960518,2.49793500340018,270375251.234375,105114.697517408
72,City of Santa Fe Springs,91,32,123,Los Angeles Homeless Services Authority (LAHSA),9.29530288252868,9.78989078140125,3.44259895609714,13.2324897374984,35060681.4257813,50292.0514373163
73,City of Santa Monica,642,169,811,Los Angeles Homeless Services Authority (LAHSA),8.34711191610065,76.9128300246764,20.2465237915425,97.1593538162189,31551250.21875,24316.3181914394
74,City of Sierra Madre,0,0,0,Los Angeles Homeless Services Authority (LAHSA),2.95681046931352,0,0,0,11215198.1367188,14789.289013944
75,City of Signal Hill,46,0,46,Los Angeles Homeless Services Authority (LAHSA),2.20009712926727,20.9081678204453,0,20.9081678204453,8272732.2578125,19900.3199723871
76,City of South El Monte,39,0,39,Los Angeles Homeless Services Authority (LAHSA),1.98961494152505,19.6017828304538,0,19.6017828304538,7525763.51953125,16733.7398997312
77,City of South Gate,399,0,399,Los Angeles Homeless Services Authority (LAHSA),7.39507102336225,53.954857058099,0,53.954857058099,27900410.1953125,37892.9589611508
78,City of South Pasadena,15,0,15,Los Angeles Homeless Services Authority (LAHSA),3.42268025612033,4.38253032055141,0,4.38253032055141,12964199.3125,15997.4749766704
79,City of Temple City,34,0,34,Los Angeles Homeless Services Authority (LAHSA),4.25466466183918,7.99122908673669,0,7.99122908673669,16112806.1601563,21706.8739849552
80,City of Torrance,270,62,332,Los Angeles Homeless Services Authority (LAHSA),20.5698033446675,13.1260370104605,3.01412701721686,16.1401640276774,77404011.0429688,49172.0340596254
81,City of Vernon,70,0,70,Los Angeles Homeless Services Authority (LAHSA),4.99599534559679,14.0112220203917,0,14.0112220203917,18874935.15625,25385.1833789776
82,City of Walnut,0,0,0,Los Angeles Homeless Services Authority (LAHSA),8.81355262702378,0,0,0,33322073.2929688,31309.178783773
83,City of West Covina,122,0,122,Los Angeles Homeless Services Authority (LAHSA),16.2786729370005,7.49446840489687,0,7.49446840489687,61578811.7382813,57202.8937978772
84,City of West Hollywood,112,0,112,Los Angeles Homeless Services Authority (LAHSA),1.88742831407243,59.3400020360731,0,59.3400020360731,7145335.21484375,21052.2724814041
85,City of Westlake Village,1,0,1,Los Angeles Homeless Services Authority (LAHSA),1.62946940120303,0.613696703516927,0,0.613696703516927,6177855.9140625,15293.2934079984
86,City of Whittier,182,47,229,Los Angeles Homeless Services Authority (LAHSA),13.6667093089379,13.3170316193799,3.43901365994976,16.7560452793297,51591787.0859375,43947.2069782181
87,Los Angeles - Adams-Normandie,12,0,12,Los Angeles Homeless Services Authority (LAHSA),0.370970027261863,32.34762681118,0,32.34762681118,1402425.16015625,4830.19017312189
88,Los Angeles - Alsace,60,0,60,Los Angeles Homeless Services Authority (LAHSA),0.684111751526059,87.7049690582818,0,87.7049690582818,2586283.2109375,7595.42718560685
89,Los Angeles - Angeles National Forest,2,0,2,Los Angeles Homeless Services Authority (LAHSA),5.3637717999072,0.372871940606161,0,0.372871940606161,20396583.6289063,37922.3517688951
90,Los Angeles - Angelino Heights,37,0,37,Los Angeles Homeless Services Authority (LAHSA),0.149920784266911,246.797001369251,0,246.797001369251,567293.828125,3836.16177830849
91,Los Angeles - Arleta,63,0,63,Los Angeles Homeless Services Authority (LAHSA),2.719990204492,23.1618481184076,0,23.1618481184076,10335042.703125,15289.5432835238
92,Los Angeles - Atwater Village,106,0,106,Los Angeles Homeless Services Authority (LAHSA),2.32940365713997,45.5052088868729,0,45.5052088868729,8825088.30078125,24607.8593099347
93,Los Angeles - Baldwin Hills,53,0,53,Los Angeles Homeless Services Authority (LAHSA),3.27582827737941,16.1791142612637,0,16.1791142612637,12379210.5625,16875.5629924435
94,Los Angeles - Bel Air,5,0,5,Los Angeles Homeless Services Authority (LAHSA),6.69267870977368,0.747085018842789,0,0.747085018842789,25343111.0859375,28285.992628977
95,Los Angeles - Beverly Crest,1,0,1,Los Angeles Homeless Services Authority (LAHSA),8.5786985212443,0.116567798428118,0,0.116567798428118,32495861.6953125,37288.1721793434
96,Los Angeles - Beverlywood,11,0,11,Los Angeles Homeless Services Authority (LAHSA),1.04286470948799,10.5478686735891,0,10.5478686735891,3943912.234375,11910.7791705002
97,Los Angeles - Boyle Heights,609,111,720,Los Angeles Homeless Services Authority (LAHSA),5.03171528862599,121.032285228185,22.0600716918367,143.092356920022,19025974.3867188,20808.3111340598
98,Los Angeles - Brentwood,55,0,55,Los Angeles Homeless Services Authority (LAHSA),9.22837415835465,5.95987972054723,0,5.95987972054723,34933800.9179688,37548.8584475588
99,Los Angeles - Cadillac-Corning,5,0,5,Los Angeles Homeless Services Authority (LAHSA),0.24102272256633,20.7449320411024,0,20.7449320411024,911459.11328125,3942.68653761567
100,Los Angeles - Canoga Park,147,27,174,Los Angeles Homeless Services Authority (LAHSA),4.86501274322326,30.2157481919784,5.54983130056746,35.7655794925458,18469793.2578125,22170.6549381877
101,Los Angeles - Carthay,89,0,89,Los Angeles Homeless Services Authority (LAHSA),0.992613744874425,89.6622683894624,0,89.6622683894624,3756266.890625,9919.16979889375
102,Los Angeles - Central,250,0,250,Los Angeles Homeless Services Authority (LAHSA),1.44655414289359,172.82450244131,0,172.82450244131,5466947.34765625,11295.5457947146
103,Los Angeles - Century City,7,0,7,Los Angeles Homeless Services Authority (LAHSA),1.15893495946751,6.04002834051728,0,6.04002834051728,4383729.4296875,8790.17164583512
104,Los Angeles - Century Palms/Cove,276,128,404,Los Angeles Homeless Services Authority (LAHSA),1.94919178955594,141.597148869008,65.6682429537427,207.26539182275,7351848.87109375,11279.5215486651
105,Los Angeles - Chatsworth,165,0,165,Los Angeles Homeless Services Authority (LAHSA),10.4953757139664,15.721209463748,0,15.721209463748,39892576.8476563,28330.5723747201
106,Los Angeles - Cheviot Hills,46,0,46,Los Angeles Homeless Services Authority (LAHSA),1.73442927089482,26.5216926235729,0,26.5216926235729,6558779.2421875,11893.144565352
107,Los Angeles - Chinatown,222,38,260,Los Angeles Homeless Services Authority (LAHSA),0.401293467357547,553.21109875482,94.6937916787529,647.904890433573,1518228.50390625,5435.40655939233
108,Los Angeles - Cloverdale/Cochran,39,69,108,Los Angeles Homeless Services Authority (LAHSA),0.803466383527316,48.5396785722201,85.8778928585432,134.417571430763,3038187.4453125,8137.27628534966
109,Los Angeles - Country Club Park,43,0,43,Los Angeles Homeless Services Authority (LAHSA),0.967228024902123,44.4569417892449,0,44.4569417892449,3658726.11328125,8310.50092348378
110,Los Angeles - Crenshaw District,80,0,80,Los Angeles Homeless Services Authority (LAHSA),1.1830612251011,67.6211833357682,0,67.6211833357682,4471831.36328125,9607.07761840382
111,Los Angeles - Crestview,44,0,44,Los Angeles Homeless Services Authority (LAHSA),0.809968174172245,54.3231220720076,0,54.3231220720076,3063532.87109375,7980.48602405944
112,Los Angeles - Del Rey,86,0,86,Los Angeles Homeless Services Authority (LAHSA),2.34073396674108,36.7406126548139,0,36.7406126548139,8840691.53125,16587.3208169019
113,Los Angeles - Downtown,868,361,1229,Los Angeles Homeless Services Authority (LAHSA),2.38445255999153,364.024856088176,151.397434386903,515.422290475079,9017264.28515625,14681.1993911221
114,Los Angeles - Eagle Rock,121,0,121,Los Angeles Homeless Services Authority (LAHSA),4.62364202559632,26.1698460499641,0,26.1698460499641,17523534.984375,22122.9727336899
115,Los Angeles - East Hollywood,169,0,169,Los Angeles Homeless Services Authority (LAHSA),1.10211831223516,153.341068852452,0,153.341068852452,4172733.984375,8431.08446194786
116,Los Angeles - Echo Park,206,92,298,Los Angeles Homeless Services Authority (LAHSA),0.737556687425495,279.300565654229,124.736174952374,404.036740606603,2791594.56640625,8663.76493212559
117,Los Angeles - El Sereno,214,0,214,Los Angeles Homeless Services Authority (LAHSA),3.73021344253088,57.3693712965672,0,57.3693712965672,14119510.6796875,20096.7131424782
118,Los Angeles - Elysian Park,70,0,70,Los Angeles Homeless Services Authority (LAHSA),1.75014754449779,39.996627838647,0,39.996627838647,6624043.03125,14642.1728236939
119,Los Angeles - Elysian Valley,74,0,74,Los Angeles Homeless Services Authority (LAHSA),1.06688733268093,69.3606510577354,0,69.3606510577354,4039256.62890625,17543.6556127692
120,Los Angeles - Encino,177,0,177,Los Angeles Homeless Services Authority (LAHSA),14.154460224228,12.5048922527637,0,12.5048922527637,53671936.2734375,38908.9295338479
121,Los Angeles - Exposition,30,0,30,Los Angeles Homeless Services Authority (LAHSA),0.421813356369679,71.1215032596262,0,71.1215032596262,1594583.359375,6112.91107067116
122,Los Angeles - Exposition Park,347,179,526,Los Angeles Homeless Services Authority (LAHSA),2.59084207417672,133.933288894216,69.089506374826,203.022795269042,9792019.48046875,15026.0099275249
123,Los Angeles - Faircrest Heights,79,0,79,Los Angeles Homeless Services Authority (LAHSA),0.377042754462176,209.525309968329,0,209.525309968329,1425742.8046875,5033.91563032052
124,Los Angeles - Figueroa Park Square,280,0,280,Los Angeles Homeless Services Authority (LAHSA),0.838509866092621,333.925707165229,0,333.925707165229,3162704.0546875,7484.43310494986
125,Los Angeles - Florence-Firestone,414,94,508,Los Angeles Homeless Services Authority (LAHSA),2.63287025581335,157.24284137659,35.7024808922692,192.945322268859,9940605.609375,15692.3746627361
126,Los Angeles - Glassell Park,124,0,124,Los Angeles Homeless Services Authority (LAHSA),3.03865051093877,40.8075886165965,0,40.8075886165965,11511788.9804688,18499.151954785
127,Los Angeles - Gramercy Place,198,0,198,Los Angeles Homeless Services Authority (LAHSA),1.1448809880134,172.943740068188,0,172.943740068188,4320133.96484375,9733.03548997835
128,Los Angeles - Granada Hills,101,0,101,Los Angeles Homeless Services Authority (LAHSA),17.4885591246256,5.77520419379674,0,5.77520419379674,66532682.0390625,39568.1907275505
129,Los Angeles - Green Meadows,180,0,180,Los Angeles Homeless Services Authority (LAHSA),1.22731302169289,146.661851392824,0,146.661851392824,4631127.46875,8838.94337632207
130,Los Angeles - Hancock Park,31,0,31,Los Angeles Homeless Services Authority (LAHSA),2.05619315993051,15.0764045927707,0,15.0764045927707,7780800.46875,13199.2491246719
131,Los Angeles - Harbor City,316,0,316,Los Angeles Homeless Services Authority (LAHSA),4.60530570330032,68.6165089482645,0,68.6165089482645,17308119.1640625,25146.384344753
132,Los Angeles - Harbor Gateway,276,0,276,Los Angeles Homeless Services Authority (LAHSA),5.13270009809953,53.7728670533846,0,53.7728670533846,19328839.1953125,38949.3005925458
133,Los Angeles - Harbor Pines,2,0,2,Los Angeles Homeless Services Authority (LAHSA),0.242731211102842,8.23956668329985,0,8.23956668329985,912269.125,4256.82001683707
134,Los Angeles - Harvard Heights,92,11,103,Los Angeles Homeless Services Authority (LAHSA),0.749634816019551,122.726423631851,14.6738115211996,137.40023515305,2834914.91796875,7754.01760259105
135,Los Angeles - Harvard Park,276,177,453,Los Angeles Homeless Services Authority (LAHSA),2.13400218971893,129.334450231446,82.9427452571231,212.277195488569,8058378.62890625,12159.6673707419
136,Los Angeles - Highland Park,213,0,213,Los Angeles Homeless Services Authority (LAHSA),3.03390291782156,70.2065971685544,0,70.2065971685544,11492134.6015625,20805.1751032871
137,Los Angeles - Historic Filipinotown,445,197,642,Los Angeles Homeless Services Authority (LAHSA),0.530694949637619,838.523148380939,371.211371305719,1209.73451968666,2008109.2109375,9404.32920188913
138,Los Angeles - Hollywood,883,319,1202,Los Angeles Homeless Services Authority (LAHSA),4.443575162644,198.713866128147,71.7890411040532,270.5029072322,16827089.875,28711.2070689315
139,Los Angeles - Hollywood Hills,151,7,158,Los Angeles Homeless Services Authority (LAHSA),7.08932888543909,21.2996184039567,0.987399528660242,22.2870179326169,26859106,31425.0737477359
140,Los Angeles - Hyde Park,189,20,209,Los Angeles Homeless Services Authority (LAHSA),1.92182852800574,98.343841422795,10.4067557061159,108.750597128911,7257357.18359375,12702.6285657042
141,Los Angeles - Jefferson Park,27,14,41,Los Angeles Homeless Services Authority (LAHSA),0.450718190578766,59.9043938415917,31.061537547492,90.9659313890837,1703709.89453125,5229.62003741497
142,Los Angeles - Koreatown,255,0,255,Los Angeles Homeless Services Authority (LAHSA),1.45784646734824,174.915538577827,0,174.915538577827,5514622.47265625,10494.4305821864
143,Los Angeles - Lafayette Square,1,0,1,Los Angeles Homeless Services Authority (LAHSA),0.259759696400791,3.84971192165651,0,3.84971192165651,982336.62890625,4301.00828936906
144,Los Angeles - Lake Balboa,42,0,42,Los Angeles Homeless Services Authority (LAHSA),3.56499781108774,11.7812134047805,0,11.7812134047805,13531739.2617188,20914.8852884806
145,Los Angeles - Lakeview Terrace,38,0,38,Los Angeles Homeless Services Authority (LAHSA),6.93946032537339,5.47593014705439,0,5.47593014705439,26387327.7460938,41079.7140380982
146,Los Angeles - Leimert Park,68,38,106,Los Angeles Homeless Services Authority (LAHSA),1.31617143729333,51.6650020455087,28.8716187901372,80.5366208356459,4972958.29296875,10449.4634346548
147,Los Angeles - Lincoln Heights,237,45,282,Los Angeles Homeless Services Authority (LAHSA),3.26623341956723,72.5606438842335,13.7773374463734,86.337981330607,12363056.5078125,22397.8772662249
148,Los Angeles - Little Armenia,92,0,92,Los Angeles Homeless Services Authority (LAHSA),0.25188975369764,365.239151849081,0,365.239151849081,953732.48828125,3906.33925490426
149,Los Angeles - Little Bangladesh,123,0,123,Los Angeles Homeless Services Authority (LAHSA),0.501486872952462,245.270627475945,0,245.270627475945,1897470.734375,5837.16173596874
150,Los Angeles - Little Tokyo,657,46,703,Los Angeles Homeless Services Authority (LAHSA),0.223451127641526,2940.24025268738,205.861570203378,3146.10182289076,845099.84765625,4303.8326826766
151,Los Angeles - Longwood,17,0,17,Los Angeles Homeless Services Authority (LAHSA),0.166170365951694,102.304643205407,0,102.304643205407,628315.48828125,3309.06403268865
152,Los Angeles - Los Feliz,77,0,77,Los Angeles Homeless Services Authority (LAHSA),10.4561908154619,7.36405841849574,0,7.36405841849574,39625556.3242188,33404.9020673047
153,Los Angeles - Manchester Square,98,97,195,Los Angeles Homeless Services Authority (LAHSA),0.758144020395079,129.263038899827,127.944028298808,257.207067198634,2861895.63671875,6839.49151782943
154,Los Angeles - Mandeville Canyon,1,0,1,Los Angeles Homeless Services Authority (LAHSA),4.35077650035877,0.229844028972194,0,0.229844028972194,16472351.5507813,27700.7736654709
155,Los Angeles - Mar Vista,289,20,309,Los Angeles Homeless Services Authority (LAHSA),3.6322159214595,79.5657544180011,5.50628058256063,85.0720350005617,13726196.109375,18814.8415518037
156,Los Angeles - Marina Peninsula,9,0,9,Los Angeles Homeless Services Authority (LAHSA),0.480258201986549,18.7399194074609,0,18.7399194074609,1813090.89453125,9340.34747429544
157,Los Angeles - Melrose,481,87,568,Los Angeles Homeless Services Authority (LAHSA),4.48222277129874,107.312827706827,19.4100124958295,126.722840202657,16966343.3242188,30920.457397333
158,Los Angeles - Mid-city,68,0,68,Los Angeles Homeless Services Authority (LAHSA),1.12411032094787,60.4922833042412,0,60.4922833042412,4251680.609375,10979.0345049929
159,Los Angeles - Miracle Mile,30,0,30,Los Angeles Homeless Services Authority (LAHSA),1.36099692468685,22.0426655312999,0,22.0426655312999,5148850.1640625,13571.914670749
160,Los Angeles - Mission Hills,121,26,147,Los Angeles Homeless Services Authority (LAHSA),3.71186826181165,32.5981396605233,7.00455893531905,39.6026985958423,14112172.84375,18371.845582799
161,Los Angeles - Mt. Washington,102,0,102,Los Angeles Homeless Services Authority (LAHSA),2.36045799768391,43.2119529769573,0,43.2119529769573,8938511.53515625,16167.3359814127
162,Los Angeles - North Hills,138,36,174,Los Angeles Homeless Services Authority (LAHSA),4.90918514315508,28.1105715054187,7.33319256663096,35.4437640720497,18651263.1367188,18697.8433891095
163,Los Angeles - North Hollywood,1042,249,1291,Los Angeles Homeless Services Authority (LAHSA),11.4206743273662,91.2380451566823,21.8025654932955,113.040610649978,43339963.1328125,49078.8984542018
164,Los Angeles - Northridge,69,0,69,Los Angeles Homeless Services Authority (LAHSA),9.16578339552207,7.52799810147268,0,7.52799810147268,34823298.1835938,29853.4051807265
165,Los Angeles - Pacific Palisades,58,0,58,Los Angeles Homeless Services Authority (LAHSA),5.62711699310296,10.3072319397463,0,10.3072319397463,21281739.3359375,32039.6038772537
166,Los Angeles - Pacoima,284,141,425,Los Angeles Homeless Services Authority (LAHSA),5.95276460382315,47.7089249955561,23.6864733252585,71.3953983208146,22631144.0703125,23778.368358984
167,Los Angeles - Palisades Highlands,0,0,0,Los Angeles Homeless Services Authority (LAHSA),18.4780587263747,0,0,0,69956208.6523438,48413.3598546265
168,Los Angeles - Palms,174,0,174,Los Angeles Homeless Services Authority (LAHSA),1.80709894371287,96.2869247449723,0,96.2869247449723,6830826.453125,13412.7268643438
169,Los Angeles - Panorama City,361,0,361,Los Angeles Homeless Services Authority (LAHSA),3.92261817960989,92.0303693784191,0,92.0303693784191,14898309.5039063,18901.5588770012
170,Los Angeles - Park La Brea,18,0,18,Los Angeles Homeless Services Authority (LAHSA),0.479859250323994,37.5109992937443,0,37.5109992937443,1815827.3671875,6036.28984142528
171,Los Angeles - Pico-Union,424,36,460,Los Angeles Homeless Services Authority (LAHSA),1.20857060083628,350.827663445238,29.7872544434636,380.614917888702,4570800.859375,9177.26790996145
172,Los Angeles - Playa Del Rey,21,0,21,Los Angeles Homeless Services Authority (LAHSA),0.703691408493471,29.8426266777347,0,29.8426266777347,2655853.50390625,11222.8065842043
173,Los Angeles - Playa Vista,55,0,55,Los Angeles Homeless Services Authority (LAHSA),1.39579567640539,39.4040481208841,0,39.4040481208841,5270494.05078125,12413.2073967129
174,Los Angeles - Porter Ranch,29,0,29,Los Angeles Homeless Services Authority (LAHSA),8.27782542346241,3.50333554000829,0,3.50333554000829,31481222.6679688,28319.4442350928
175,Los Angeles - Rancho Park,65,21,86,Los Angeles Homeless Services Authority (LAHSA),0.755038337628925,86.0883438106228,27.8131572311243,113.901501041747,2854919.08984375,7017.75563696251
176,Los Angeles - Regent Square,21,0,21,Los Angeles Homeless Services Authority (LAHSA),0.29506159335055,71.171580691123,0,71.171580691123,1115570.01953125,5270.60511354692
177,Los Angeles - Reseda,289,0,289,Los Angeles Homeless Services Authority (LAHSA),6.2317203860641,46.3756365972848,0,46.3756365972848,23653745.9257813,22907.2056621696
178,Los Angeles - Reseda Ranch,2,0,2,Los Angeles Homeless Services Authority (LAHSA),0.845851550597589,2.3644810943327,0,2.3644810943327,3211809.87109375,7171.6865388664
179,Los Angeles - Reynier Village,9,0,9,Los Angeles Homeless Services Authority (LAHSA),0.346566842348264,25.9690163635329,0,25.9690163635329,1310395.515625,5437.7887714543
180,Los Angeles - San Pedro,477,83,560,Los Angeles Homeless Services Authority (LAHSA),12.2405345259914,38.9688864474949,6.78074963342155,45.7496360809165,45953684.2421875,92337.0993751596
181,Los Angeles - Shadow Hills,6,0,6,Los Angeles Homeless Services Authority (LAHSA),2.37125630696776,2.5303042873811,0,2.5303042873811,9013237.4296875,13780.6462507096
182,Los Angeles - Sherman Oaks,246,0,246,Los Angeles Homeless Services Authority (LAHSA),11.6082728569657,21.1917830525826,0,21.1917830525826,44014597.4882813,35453.9624348802
183,Los Angeles - Silverlake,471,131,602,Los Angeles Homeless Services Authority (LAHSA),3.95937829689351,118.958069848881,33.0860024420453,152.044072290926,14991940,25018.2783507287
184,Los Angeles - South Carthay,15,0,15,Los Angeles Homeless Services Authority (LAHSA),0.532528582842038,28.1675021459823,0,28.1675021459823,2014518.8984375,6682.4514931544
185,Los Angeles - South Park,241,106,347,Los Angeles Homeless Services Authority (LAHSA),1.26927802221487,189.871719026111,83.5120423932273,273.383761419339,4795060.9296875,9738.39972877384
186,Los Angeles - St Elmo Village,3,0,3,Los Angeles Homeless Services Authority (LAHSA),0.149992934679976,20.0009420870442,0,20.0009420870442,567221.3515625,3230.52564650079
187,Los Angeles - Studio City,89,0,89,Los Angeles Homeless Services Authority (LAHSA),4.36345653316138,20.3966739037316,0,20.3966739037316,16538584.265625,28026.5154064239
188,Los Angeles - Sun Valley,426,476,902,Los Angeles Homeless Services Authority (LAHSA),12.7116146420514,33.5126584620293,37.4460690796384,70.9587275416678,48282680.0625,52191.1595836497
189,Los Angeles - Sunland,57,0,57,Los Angeles Homeless Services Authority (LAHSA),7.21718752801826,7.89781334885882,0,7.89781334885882,27426349.2617188,37904.5600863674
190,Los Angeles - Sylmar,345,28,373,Los Angeles Homeless Services Authority (LAHSA),12.7403457853263,27.0793278152116,2.19774254732152,29.2770703625331,48491279.3164063,44615.1032984658
191,Los Angeles - Tarzana,62,0,62,Los Angeles Homeless Services Authority (LAHSA),6.85729107763129,9.04147123085471,0,9.04147123085471,26003135.6835938,29703.9002265233
192,Los Angeles - Temple-Beaudry,383,0,383,Los Angeles Homeless Services Authority (LAHSA),1.45437853325782,263.342720785404,0,263.342720785404,5503610.61328125,19274.8624491955
193,Los Angeles - Thai Town,39,0,39,Los Angeles Homeless Services Authority (LAHSA),0.219313100997575,177.82795383679,0,177.82795383679,830536.62890625,3896.42166281906
194,Los Angeles - Toluca Lake,46,0,46,Los Angeles Homeless Services Authority (LAHSA),0.887069434884054,51.8561436016703,0,51.8561436016703,3363165.31640625,9137.10947305899
195,Los Angeles - Toluca Woods,4,0,4,Los Angeles Homeless Services Authority (LAHSA),0.394818584322261,10.1312353542484,0,10.1312353542484,1497166.05078125,5458.59844672614
196,Los Angeles - Tujunga,61,0,61,Los Angeles Homeless Services Authority (LAHSA),5.41492020773452,11.2651706137552,0,11.2651706137552,20579125.3789063,26360.0418556902
197,Los Angeles - University Hills,20,0,20,Los Angeles Homeless Services Authority (LAHSA),0.654338310594716,30.5652285311284,0,30.5652285311284,2475934.296875,7837.14027439309
198,Los Angeles - University Park,132,175,307,Los Angeles Homeless Services Authority (LAHSA),1.19131134173887,110.802269209768,146.89694781598,257.699217025748,4503550.3046875,10940.2570626222
199,Los Angeles - Valley Glen,29,0,29,Los Angeles Homeless Services Authority (LAHSA),1.91581949268481,15.1371254498302,0,15.1371254498302,7269442.55859375,14896.3713419846
200,Los Angeles - Valley Village,69,0,69,Los Angeles Homeless Services Authority (LAHSA),1.7769367921578,38.8308691139265,0,38.8308691139265,6739298.65234375,11079.5917436133
201,Los Angeles - Van Nuys,459,90,549,Los Angeles Homeless Services Authority (LAHSA),7.53214672851983,60.9388022490369,11.9487847547131,72.88758700375,28591965.8710938,29922.8248759653
202,Los Angeles - Venice,1660,16,1676,Los Angeles Homeless Services Authority (LAHSA),2.77871169092903,597.399149188089,5.7580640885599,603.157213276649,10495889.8007813,15685.4504964131
203,Los Angeles - Vermont Knolls,148,751,899,Los Angeles Homeless Services Authority (LAHSA),1.06448304483603,139.034624100375,705.506774995822,844.541399096196,4018381.3828125,9391.10039501709
204,Los Angeles - Vermont Square,54,65,119,Los Angeles Homeless Services Authority (LAHSA),0.444687462381899,121.43360127753,146.170075611841,267.603676889371,1679921.1875,5216.9787554552
205,Los Angeles - Vermont Vista,523,219,742,Los Angeles Homeless Services Authority (LAHSA),1.90828336924965,274.068311042111,114.762830053962,388.831141096073,7201347.6875,13913.4740506205
206,Los Angeles - Vernon Central,399,65,464,Los Angeles Homeless Services Authority (LAHSA),2.28088312785505,174.932242308803,28.4977337094541,203.429976018257,8616823.6953125,14798.9561764667
207,Los Angeles - Victoria Park,25,2,27,Los Angeles Homeless Services Authority (LAHSA),0.403016302619209,62.0322300550241,4.96257840440193,66.9948084594261,1524113.04296875,5906.15821393936
208,Los Angeles - View Heights,32,0,32,Los Angeles Homeless Services Authority (LAHSA),0.456178621493652,70.147960672123,0,70.147960672123,1722751.38671875,6678.11945790219
209,Los Angeles - Watts,126,123,249,Los Angeles Homeless Services Authority (LAHSA),2.00062010737672,62.9804726721533,61.4809376085306,124.461410280684,7547236.046875,13020.3158440329
210,Los Angeles - Wellington Square,22,44,66,Los Angeles Homeless Services Authority (LAHSA),0.351189897435453,62.6441710329765,125.288342065953,187.93251309893,1327859.15234375,5105.18392958685
211,Los Angeles - West Adams,107,0,107,Los Angeles Homeless Services Authority (LAHSA),1.46373799142294,73.1005143181276,0,73.1005143181276,5534409.73046875,12793.5274642246
212,Los Angeles - West Hills,63,0,63,Los Angeles Homeless Services Authority (LAHSA),10.7426510850665,5.86447418808725,0,5.86447418808725,40785505.1367188,40469.0120982194
213,Los Angeles - West Los Angeles,364,0,364,Los Angeles Homeless Services Authority (LAHSA),2.13793963980334,170.257379218378,0,170.257379218378,8084566.94140625,13381.7527802886
214,Los Angeles - West Vernon,302,392,694,Los Angeles Homeless Services Authority (LAHSA),2.69462375397999,112.075015873345,145.474855040898,257.549870914243,10179790.9101563,19200.3631316227
215,Los Angeles - Westchester,370,8,378,Los Angeles Homeless Services Authority (LAHSA),12.9378386404457,28.5982852532511,0.618341302772996,29.2166265560241,48821334.1875,42282.0701675587
216,Los Angeles - Westlake,565,230,795,Los Angeles Homeless Services Authority (LAHSA),1.14939305276722,491.563785460278,200.10561178029,691.669397240569,4348101.3125,9383.75368891274
217,Los Angeles - Westwood,210,0,210,Los Angeles Homeless Services Authority (LAHSA),3.72036835209332,56.4460236529645,0,56.4460236529645,14076942.4492188,18758.4485470099
218,Los Angeles - Wholesale District,2598,2287,4885,Los Angeles Homeless Services Authority (LAHSA),6.41430280207212,405.032328558097,356.546934338864,761.579262896961,24256071.890625,28314.5988051498
219,Los Angeles - Wilmington,510,35,545,Los Angeles Homeless Services Authority (LAHSA),7.16866161674531,71.1429869710531,4.88236185095462,76.0253488220077,26944346.7226563,37241.1248098295
220,Los Angeles - Wilshire Center,330,0,330,Los Angeles Homeless Services Authority (LAHSA),1.29041678132233,255.731330200029,0,255.731330200029,4882885.53515625,14728.7039228911
221,Los Angeles - Winnetka,112,0,112,Los Angeles Homeless Services Authority (LAHSA),5.47416949521274,20.459724547796,0,20.459724547796,20786413.6875,23277.6819054418
222,Los Angeles - Woodland Hills,90,0,90,Los Angeles Homeless Services Authority (LAHSA),13.1229346392996,6.85822207255949,0,6.85822207255949,49770179.625,40185.3903470062
223,Unincorporated - Acton,80,0,80,Los Angeles Homeless Services Authority (LAHSA),67.6896436863098,1.18186469367071,0,1.18186469367071,258703909.378906,91492.3773050484
224,Unincorporated - Agua Dulce,9,0,9,Los Angeles Homeless Services Authority (LAHSA),45.2206927417699,0.199023930292133,0,0.199023930292133,172873718.742188,77121.7895155343
225,Unincorporated - Altadena,41,8,49,Los Angeles Homeless Services Authority (LAHSA),9.02089505393591,4.54500354508739,0.886829960017051,5.43183350510444,34236399.453125,36728.6346150306
226,Unincorporated - Anaverde,0,0,0,Los Angeles Homeless Services Authority (LAHSA),11.2873977911278,0,0,0,43188828.6914063,29858.8693349345
227,Unincorporated - Angeles National Forest,0,0,0,Los Angeles Homeless Services Authority (LAHSA),701.774689505736,0,0,0,2671701314.27344,324779.529497964
228,Unincorporated - Arcadia,36,0,36,Los Angeles Homeless Services Authority (LAHSA),1.4774179796723,24.3668349074681,0,24.3668349074681,5595565.0078125,12499.8267509075
229,Unincorporated - Athens-Westmont,119,25,144,Los Angeles Homeless Services Authority (LAHSA),2.84349857625228,41.8498539066763,8.79198611484796,50.6418400215243,10725703.1132813,19333.9152269589
230,Unincorporated - Athens Village,52,0,52,Los Angeles Homeless Services Authority (LAHSA),0.449350352779738,115.722619729397,0,115.722619729397,1694324.5859375,5821.54754439433
231,Unincorporated - Avocado Heights,20,0,20,Los Angeles Homeless Services Authority (LAHSA),0.805132823001175,24.8406218559678,0,24.8406218559678,3044988.99609375,8316.8017297059
232,Unincorporated - Azusa,37,0,37,Los Angeles Homeless Services Authority (LAHSA),1.27990406716612,28.9084166143194,0,28.9084166143194,4848633.98046875,9926.36355621231
233,Unincorporated - Bassett,22,0,22,Los Angeles Homeless Services Authority (LAHSA),1.17955063251428,18.6511705335664,0,18.6511705335664,4462370.59375,9660.04013498608
234,Unincorporated - Bouquet Canyon,0,0,0,Los Angeles Homeless Services Authority (LAHSA),27.9122196441021,0,0,0,106956325.925781,62034.4062392862
235,Unincorporated - Canyon Country,0,0,0,Los Angeles Homeless Services Authority (LAHSA),6.08921803444119,0,0,0,23257151.2890625,23334.7639413566
236,Unincorporated - Castaic,3,0,3,Los Angeles Homeless Services Authority (LAHSA),313.800609183847,0.00956021088615027,0,0.00956021088615027,1202915983.97656,189833.723961595
237,Unincorporated - Covina,12,0,12,Los Angeles Homeless Services Authority (LAHSA),2.81451899699645,4.26360597061379,0,4.26360597061379,10651043.4921875,23416.1019574203
238,Unincorporated - Covina (Charter Oak),39,0,39,Los Angeles Homeless Services Authority (LAHSA),1.23034063096083,31.6985386149063,0,31.6985386149063,4659396.33984375,11759.1306727427
239,Unincorporated - Del Aire,4,0,4,Los Angeles Homeless Services Authority (LAHSA),0.814816800533518,4.90907894557515,0,4.90907894557515,3072626.26171875,8716.37373082692
240,Unincorporated - Del Sur,203,0,203,Los Angeles Homeless Services Authority (LAHSA),82.4041713518651,2.46346752439499,0,2.46346752439499,317035434.367188,73549.7887468879
241,Unincorporated - Duarte,2,0,2,Los Angeles Homeless Services Authority (LAHSA),0.571444304031342,3.49990364046101,0,3.49990364046101,2165155.8671875,7493.02519005872
242,Unincorporated - East La Mirada,4,0,4,Los Angeles Homeless Services Authority (LAHSA),0.665089484817824,6.01422829755856,0,6.01422829755856,2507938.578125,7108.37214473386
243,Unincorporated - East Los Angeles,512,0,512,Los Angeles Homeless Services Authority (LAHSA),7.17047341886644,71.403932500867,0,71.403932500867,27109573.0820313,32141.8030968514
244,Unincorporated - East Pasadena,13,0,13,Los Angeles Homeless Services Authority (LAHSA),4.03119921373602,3.2248468286319,0,3.2248468286319,15288295.71875,31856.7196611576
245,Unincorporated - East Rancho Dominguez,69,35,104,Los Angeles Homeless Services Authority (LAHSA),0.457016309403131,150.979294568535,76.5837001434597,227.562994711995,1722463.8046875,5346.5834436876
246,Unincorporated - East Whittier,4,0,4,Los Angeles Homeless Services Authority (LAHSA),0.447053915859329,8.94746664350581,0,8.94746664350581,1685972.9375,5730.18730658944
247,Unincorporated - El Camino Village,13,0,13,Los Angeles Homeless Services Authority (LAHSA),1.25781733428999,10.3353640036597,0,10.3353640036597,4739326.4921875,10006.1406733526
248,Unincorporated - Elizabeth Lake,0,0,0,Los Angeles Homeless Services Authority (LAHSA),8.90976825025112,0,0,0,34205884.1445313,37228.3536268012
249,Unincorporated - Florence-Firestone,997,0,997,Los Angeles Homeless Services Authority (LAHSA),3.72982625336427,267.304676484787,0,267.304676484787,14079939.1914063,22270.8604700778
250,Unincorporated - Hacienda Heights,51,208,259,Los Angeles Homeless Services Authority (LAHSA),12.5725860589939,4.05644469329496,16.5439312981441,20.6003759914391,47498037.4257813,36355.9416309998
251,Unincorporated - Hi Vista,202,0,202,Los Angeles Homeless Services Authority (LAHSA),170.068737067608,1.18775504236089,0,1.18775504236089,653151026.953125,119324.326881137
252,Unincorporated - Kagel/Lopez Canyons,4,7,11,Los Angeles Homeless Services Authority (LAHSA),1.72998651675304,2.31215674877483,4.04627431035595,6.35843105913078,6580440.2109375,14632.9178320667
253,Unincorporated - La Crescenta-Montrose,0,0,0,Los Angeles Homeless Services Authority (LAHSA),3.6624215639118,0,0,0,13912199.0859375,21059.1574474704
254,Unincorporated - La Rambla,2,0,2,Los Angeles Homeless Services Authority (LAHSA),0.209045210585534,9.56730840375637,0,9.56730840375637,784876.27734375,5167.81408335543
255,Unincorporated - Ladera Heights,48,0,48,Los Angeles Homeless Services Authority (LAHSA),3.08760774784591,15.5460161782168,0,15.5460161782168,11662238.484375,17862.9613980447
256,Unincorporated - Lake Los Angeles,272,0,272,Los Angeles Homeless Services Authority (LAHSA),24.1031966118743,11.2848102423892,0,11.2848102423892,92372765.9882813,39795.322110216
257,Unincorporated - Lake Manor,0,0,0,Los Angeles Homeless Services Authority (LAHSA),0.549687148358662,0,0,0,2088426.15234375,10684.9838684694
258,Unincorporated - Lennox,179,0,179,Los Angeles Homeless Services Authority (LAHSA),1.21278119661077,147.594636609004,0,147.594636609004,4574893.36328125,9956.65044284578
259,Unincorporated - Leona Valley,0,0,0,Los Angeles Homeless Services Authority (LAHSA),23.9863229809832,0,0,0,91987234.1367188,51812.2035331072
260,Unincorporated - Littlerock/Pearblossom,43,0,43,Los Angeles Homeless Services Authority (LAHSA),28.0696320341937,1.53190465580805,0,1.53190465580805,107401236.351563,50383.6897127107
261,Unincorporated - Llano,382,0,382,Los Angeles Homeless Services Authority (LAHSA),144.403975404998,2.64535653487818,0,2.64535653487818,551875629.828125,130967.821357044
262,Unincorporated - Marina del Rey,14,0,14,Los Angeles Homeless Services Authority (LAHSA),1.4532249672464,9.63374585183978,0,9.63374585183978,5487022.59765625,9556.63484805589
263,Unincorporated - Monrovia,5,0,5,Los Angeles Homeless Services Authority (LAHSA),0.314102423520766,15.9183744714706,0,15.9183744714706,1190158.90234375,5292.65801344044
264,Unincorporated - North Lancaster,73,0,73,Los Angeles Homeless Services Authority (LAHSA),22.7466126607846,3.20926904979803,0,3.20926904979803,87456233.84375,46400.7710513242
265,Unincorporated - North Whittier,15,0,15,Los Angeles Homeless Services Authority (LAHSA),1.96688474956905,7.62627296962191,0,7.62627296962191,7437078.28515625,14361.6821967188
266,Unincorporated - Northeast San Gabriel,12,19,31,Los Angeles Homeless Services Authority (LAHSA),2.54252554379407,4.71971659411259,7.47288460734493,12.1926012014575,9631104.83203125,17181.2145720215
267,Unincorporated - Palmdale,15,0,15,Los Angeles Homeless Services Authority (LAHSA),23.6767816131269,0.633532050305506,0,0.633532050305506,90755507.921875,51341.4302009531
268,Unincorporated - Pomona,0,0,0,Los Angeles Homeless Services Authority (LAHSA),1.61833946475257,0,0,0,6121827.99609375,13678.1253250698
269,Unincorporated - Quartz Hill,7,0,7,Los Angeles Homeless Services Authority (LAHSA),3.49658373398628,2.00195405931825,0,2.00195405931825,13416260.390625,19499.7665745607
270,Unincorporated - Rancho Dominguez,90,0,90,Los Angeles Homeless Services Authority (LAHSA),3.27665456460341,27.4670393920188,0,27.4670393920188,12337582.828125,14656.0322643766
271,Unincorporated - Roosevelt,21,0,21,Los Angeles Homeless Services Authority (LAHSA),90.8549368163821,0.231137687569372,0,0.231137687569372,349072866.617188,85481.4088257188
272,Unincorporated - Rosewood/East Gardena,155,0,155,Los Angeles Homeless Services Authority (LAHSA),1.00758415851545,153.833303838732,0,153.833303838732,3796834.44921875,7916.89661451261
273,Unincorporated - Rosewood/West Rancho Dominguez,76,0,76,Los Angeles Homeless Services Authority (LAHSA),0.480521618951797,158.161458303968,0,158.161458303968,1810943.98828125,5652.25939067671
274,Unincorporated - Rowland Heights,12,3,15,Los Angeles Homeless Services Authority (LAHSA),18.9659817638156,0.632711775717,0.15817794392925,0.79088971964625,71592489.6367188,60289.265232363
275,Unincorporated - San Francisquito Canyon/Bouquet Canyon,0,0,0,Los Angeles Homeless Services Authority (LAHSA),63.0353489326782,0,0,0,241177958.265625,91936.5652127644
276,Unincorporated - San Jose Hills,12,0,12,Los Angeles Homeless Services Authority (LAHSA),1.4322847966009,8.37822200478453,0,8.37822200478453,5412475.45703125,13540.5321913629
277,Unincorporated - San Pasqual,0,0,0,Los Angeles Homeless Services Authority (LAHSA),0.255078377606954,0,0,0,966836.25,5191.50654576747
278,Unincorporated - Santa Catalina Island,0,0,0,Los Angeles Homeless Services Authority (LAHSA),130.891014409038,0,0,0,484865557.695313,225464.244013598
279,Unincorporated - Santa Monica Mountains,164,0,164,Los Angeles Homeless Services Authority (LAHSA),142.706632168972,1.14921077953697,0,1.14921077953697,540259839.492188,156380.672656013
280,Unincorporated - Saugus/Canyon Country,2,0,2,Los Angeles Homeless Services Authority (LAHSA),4.87076657847043,0.410612984173851,0,0.410612984173851,18611628.8046875,25485.400561184
281,Unincorporated - South Antelope Valley,51,0,51,Los Angeles Homeless Services Authority (LAHSA),12.8144252980708,3.97988975812111,0,3.97988975812111,48992772.3359375,34060.2183660358
282,Unincorporated - South Edwards,2,0,2,Los Angeles Homeless Services Authority (LAHSA),74.5630370134078,0.0268229417699331,0,0.0268229417699331,287087503.121094,101384.949924192
283,Unincorporated - South San Gabriel,25,10,35,Los Angeles Homeless Services Authority (LAHSA),1.93959750624112,12.8892720884392,5.15570883537569,18.0449809238149,7336081.68359375,18023.3690869023
284,Unincorporated - South Whittier,37,80,117,Los Angeles Homeless Services Authority (LAHSA),5.45407483074724,6.78391865682026,14.6679322309627,21.451850887783,20571982.4492188,24789.2623039562
285,Unincorporated - Southeast Antelope Valley,2,0,2,Los Angeles Homeless Services Authority (LAHSA),5.6569739931623,0.353545906772321,0,0.353545906772321,21642393.3359375,23627.9152341745
286,Unincorporated - Stevenson Ranch,9,0,9,Los Angeles Homeless Services Authority (LAHSA),40.8866434684056,0.220120783623498,0,0.220120783623498,155863815.324219,59521.1761629646
287,Unincorporated - Sun Village,67,0,67,Los Angeles Homeless Services Authority (LAHSA),28.4648773874218,2.35377792386368,0,2.35377792386368,109081319.804688,45965.4474236922
288,Unincorporated - Twin Lakes/Oat Mountain,4,0,4,Los Angeles Homeless Services Authority (LAHSA),19.9002789388334,0.201002207672296,0,0.201002207672296,75744264.7109375,50703.4475396356
289,Unincorporated - Universal City,1,0,1,Los Angeles Homeless Services Authority (LAHSA),0.480256090465183,2.08222242227347,0,2.08222242227347,1820326.0625,6372.01258223535
290,Unincorporated - Val Verde,66,0,66,Los Angeles Homeless Services Authority (LAHSA),18.064222515817,3.65363081318393,0,3.65363081318393,68969570.4101563,39291.3901333353
291,Unincorporated - Valinda,22,0,22,Los Angeles Homeless Services Authority (LAHSA),1.82625921478916,12.046482679919,0,12.046482679919,6905928.58203125,15505.1687976683
292,Unincorporated - View Park/Windsor Hills,10,0,10,Los Angeles Homeless Services Authority (LAHSA),1.84198295509282,5.42893188688388,0,5.42893188688388,6957917.625,13417.7250458072
293,Unincorporated - Walnut Park,22,0,22,Los Angeles Homeless Services Authority (LAHSA),0.747774413718956,29.4206375564336,0,29.4206375564336,2822818.9765625,8796.19274100649
294,Unincorporated - West Antelope Valley,88,0,88,Los Angeles Homeless Services Authority (LAHSA),230.128033202757,0.382395828857871,0,0.382395828857871,885317595.0625,210532.457019836
295,Unincorporated - West Carson,170,0,170,Los Angeles Homeless Services Authority (LAHSA),2.2790657289074,74.5919689124101,0,74.5919689124101,8573737.01953125,16272.7676447862
296,Unincorporated - West Chatsworth,0,0,0,Los Angeles Homeless Services Authority (LAHSA),1.59838656654868,0,0,0,6071077.1875,15812.0865505925
297,Unincorporated - West LA,77,422,499,Los Angeles Homeless Services Authority (LAHSA),0.977078315560604,78.8063748562681,431.899872588898,510.706247445166,3696276.14453125,10405.6316981404
298,Unincorporated - West Puente Valley,6,0,6,Los Angeles Homeless Services Authority (LAHSA),0.692431335501349,8.66511911344358,0,8.66511911344358,2618538.859375,7261.56552585358
299,Unincorporated - West Whittier/Los Nietos,181,0,181,Los Angeles Homeless Services Authority (LAHSA),2.20876317321142,81.9463137538806,0,81.9463137538806,8339858.453125,14812.9037083056
300,Unincorporated - White Fence Farms,13,0,13,Los Angeles Homeless Services Authority (LAHSA),7.85788463582978,1.65438926663845,0,1.65438926663845,30134418.53125,24679.1712843916
301,Unincorporated - Whittier,3,0,3,Los Angeles Homeless Services Authority (LAHSA),5.88621770464277,0.509665145010478,0,0.509665145010478,22241230.0078125,22397.2095820017
302,Unincorporated - Whittier Narrows,92,0,92,Los Angeles Homeless Services Authority (LAHSA),3.76624967841111,24.4274830018207,0,24.4274830018207,14240688.0039063,17941.6755539275
303,Unincorporated - Willowbrook,433,0,433,Los Angeles Homeless Services Authority (LAHSA),3.36158949404279,128.808113176025,0,128.808113176025,12674382.4882813,26461.6050265783
304,Unincorporated - Wiseburn,7,0,7,Los Angeles Homeless Services Authority (LAHSA),0.68810454359537,10.1728728071243,0,10.1728728071243,2593773.58984375,7116.52016424088
